,Normal,Suspect,Pathological,accuracy,macro avg,weighted avg
precision,0.9264705882352942,0.6404494382022472,0.9142857142857143,0.8778195488721805,0.8270685802410852,0.8814455616664171
recall,0.9242053789731052,0.6951219512195121,0.7804878048780488,0.8778195488721805,0.7999383783568886,0.8778195488721805
f1-score,0.9253365973072215,0.6666666666666666,0.8421052631578947,0.8778195488721805,0.8113695090439276,0.8790519751029963
support,409.0,82.0,41.0,0.8778195488721805,532.0,532.0
