,Normal,Suspect,Pathological,accuracy,macro avg,weighted avg
precision,0.9399538106235565,0.8709677419354839,0.918918918918919,0.9304511278195489,0.9099468238259866,0.927699509510188
recall,0.9951100244498777,0.6585365853658537,0.8292682926829268,0.9304511278195489,0.827638300832886,0.9304511278195489
f1-score,0.9667458432304038,0.75,0.8717948717948718,0.9304511278195489,0.8628469050084252,0.9260199992947836
support,409.0,82.0,41.0,0.9304511278195489,532.0,532.0
