,Normal,Suspect,Pathological,accuracy,macro avg,weighted avg
precision,0.944578313253012,0.7466666666666667,0.8571428571428571,0.9097744360902256,0.8494626123541785,0.9073346878383566
recall,0.9584352078239609,0.6829268292682927,0.8780487804878049,0.9097744360902256,0.8398036058600195,0.9097744360902256
f1-score,0.9514563106796117,0.7133757961783439,0.8674698795180723,0.9097744360902256,0.8441006621253426,0.9082870515316286
support,409.0,82.0,41.0,0.9097744360902256,532.0,532.0
