,Normal,Suspect,Pathological,accuracy,macro avg,weighted avg
precision,0.9447115384615384,0.7567567567567568,0.8571428571428571,0.9116541353383458,0.8528703841203841,0.9089923504279708
recall,0.960880195599022,0.6829268292682927,0.8780487804878049,0.9116541353383458,0.84061860178504,0.9116541353383458
f1-score,0.9527272727272728,0.717948717948718,0.8674698795180723,0.9116541353383458,0.846048623398021,0.9099690121757338
support,409.0,82.0,41.0,0.9116541353383458,532.0,532.0
